service_id,name,platform,service_type,category,rate_twd,rate_usd,min,max,refill,cancel,dripfeed,currency
343,*限量8折! Youtube 影片分享🛡,YouTube,Shares,🔥😍❤️限時/限量快閃促銷活動(每日更新!),285.0,8.90625,100,15000,No,No,No,TWD
363,*限量75折! - Spotify 粉絲數*促銷 *穩定永久保固,Spotify,Followers/Subscribers,🔥😍❤️限時/限量快閃促銷活動(每日更新!),631.0,19.71875,500,9999999,No,No,No,TWD
338,*限量5折! TikTok增加影片觀看🔥⭐️,TikTok,Views/Plays,🔥😍❤️限時/限量快閃促銷活動(每日更新!),13.0,0.40625,50,2147483647,No,Yes,No,TWD
776,•臉書 粉絲團讚*保固🔥🛡,Facebook,Followers/Subscribers,臉書行銷推廣方案⭐️⭐️,980.0,30.625,100,100000,Yes,No,No,TWD
777,•臉書 粉絲團讚*30天保固*快速啟動*New🛡⚡️,Facebook,Followers/Subscribers,臉書行銷推廣方案⭐️⭐️,1102.0,34.4375,100,100000,Yes,No,No,TWD
192,•臉書 🇹🇼台灣粉絲團讚,Facebook,Followers/Subscribers,臉書行銷推廣方案⭐️⭐️,8600.0,268.75,100,100000,Yes,No,No,TWD
10,•臉書 🌏亞洲粉絲團讚*保固方案*促銷🛡⭐️🔥🎊,Facebook,Followers/Subscribers,臉書行銷推廣方案⭐️⭐️,1680.0,52.5,100,1000000,Yes,No,No,TWD
7,•臉書 粉絲團讚*促銷🎊,Facebook,Followers/Subscribers,臉書行銷推廣方案⭐️⭐️,950.0,29.6875,100,100000,No,No,No,TWD
545,•臉書 粉絲團讚保固方案🛡 穩定提升🔥⭐️,Facebook,Followers/Subscribers,臉書行銷推廣方案⭐️⭐️,1358.0,42.4375,10,100000000,Yes,Yes,No,TWD
61,•臉書 粉絲團追蹤保固方案🛡 非常穩定🔥⭐️,Facebook,Followers/Subscribers,臉書行銷推廣方案⭐️⭐️,1380.0,43.125,100,100000000,Yes,Yes,No,TWD
547,•臉書 粉絲團追蹤*30天保固*促銷🔥⭐️🛡,Facebook,Followers/Subscribers,臉書行銷推廣方案⭐️⭐️,959.0,29.96875,1000,1000000,No,Yes,No,TWD
775,•臉書 粉絲團追蹤*促銷,Facebook,Followers/Subscribers,臉書行銷推廣方案⭐️⭐️,900.0,28.125,100,1000000,No,Yes,No,TWD
4,•臉書 🇹🇼台灣人留言(貼文/影片/直播留言)🔥⭐️,Facebook,Comments,臉書行銷推廣方案⭐️⭐️,20000.0,625.0,1,10000,No,No,No,TWD
12,•臉書 🇹🇼台灣人貼文留言+附照片,Facebook,Comments,臉書行銷推廣方案⭐️⭐️,35000.0,1093.75,1,1000,No,No,No,TWD
11,•臉書 🇹🇼台灣人分享貼文/粉絲團/社團*增加曝光🔥⭐️🛡,Facebook,Followers/Subscribers,臉書行銷推廣方案⭐️⭐️,15000.0,468.75,3,10000,No,No,No,TWD
566,•臉書 🇹🇼台灣人私訊,Facebook,Other,臉書行銷推廣方案⭐️⭐️,20000.0,625.0,1,10000,No,No,No,TWD
6,•臉書 🇹🇼台灣人粉絲團推薦評論(可自訂評論)🔥⭐️,Facebook,Followers/Subscribers,臉書行銷推廣方案⭐️⭐️,60000.0,1875.0,1,40,No,No,No,TWD
13,•臉書 🇹🇼台灣人加入社團(可當樁腳)🔥,Facebook,Other,臉書行銷推廣方案⭐️⭐️,20000.0,625.0,5,500,No,No,No,TWD
191,•臉書 🇹🇼台灣貼文讚🔥⭐️,Facebook,Likes/Reactions,臉書行銷推廣方案⭐️⭐️,4000.0,125.0,50,5000,Yes,No,No,TWD
483,•臉書 🇹🇼台灣貼文讚(服務器二)⭐️,Facebook,Likes/Reactions,臉書行銷推廣方案⭐️⭐️,5800.0,181.25,50,2000,Yes,No,No,TWD
641,•臉書 台灣+亞洲貼文讚*促銷*NEW(服務器四)🛡🔥,Facebook,Likes/Reactions,臉書行銷推廣方案⭐️⭐️,1000.0,31.25,100,600000,Yes,No,No,TWD
463,•臉書 亞洲貼文讚🛡⭐️🔥,Facebook,Likes/Reactions,臉書行銷推廣方案⭐️⭐️,780.0,24.375,100,100000,No,Yes,No,TWD
19,•臉書 亞洲貼文讚(服務器二)*快速啟動⚡️🔥💧,Facebook,Likes/Reactions,臉書行銷推廣方案⭐️⭐️,680.0,21.25,10,100000000,No,Yes,No,TWD
437,•臉書 亞洲貼文讚(服務器四)*快速啟動⚡️🛡⭐️🔥,Facebook,Likes/Reactions,臉書行銷推廣方案⭐️⭐️,800.0,25.0,50,500000,Yes,No,No,TWD
718,•臉書 亞洲貼文讚(服務器五)*快速啟動⚡️🛡⭐️🔥,Facebook,Likes/Reactions,臉書行銷推廣方案⭐️⭐️,863.0,26.96875,100,1000000,No,No,No,TWD
20,•臉書 全球高品質穩定貼文讚[服務器三]*快速啟動🔥⭐️⚡️🛡,Facebook,Likes/Reactions,臉書行銷推廣方案⭐️⭐️,1201.0,37.53125,50,500000,No,No,No,TWD
417,•臉書 全球貼文讚[服務器四]⭐️🛡,Facebook,Likes/Reactions,臉書行銷推廣方案⭐️⭐️,670.0,20.9375,100,50000,No,No,No,TWD
15,•臉書 全球分享貼文🔥⭐️,Facebook,Shares,臉書行銷推廣方案⭐️⭐️,4000.0,125.0,100,10000,No,No,No,TWD
546,•臉書 粉絲團/個人粉絲追蹤數*30日保固,Facebook,Followers/Subscribers,臉書行銷推廣方案⭐️⭐️,1380.0,43.125,50,500000,No,Yes,No,TWD
504,•臉書 粉絲團/個人粉絲追蹤數*亞洲粉*穩定*永久保固,Facebook,Followers/Subscribers,臉書行銷推廣方案⭐️⭐️,1500.0,46.875,10,1000000,No,Yes,No,TWD
462,•臉書 一般影片觀看人數*啟動較快,Facebook,Views/Plays,臉書行銷推廣方案⭐️⭐️,1586.0,49.5625,100,20000000,No,No,No,TWD
30,•臉書 影片觀看人數 促銷！⭐️🔥⚡️,Facebook,Views/Plays,臉書行銷推廣方案⭐️⭐️,500.0,15.625,500,10000000,No,No,No,TWD
411,•臉書 影片觀看人數 *穩定執行⭐️🔥,Facebook,Views/Plays,臉書行銷推廣方案⭐️⭐️,1098.0,34.3125,100,1000000000,No,No,No,TWD
16,•臉書 增加粉絲團打卡數⭐️,Facebook,Followers/Subscribers,臉書行銷推廣方案⭐️⭐️,28000.0,875.0,10,3000,No,No,No,TWD
409,•臉書 社團加人數-🇹🇼台灣粉絲🔥,Facebook,Followers/Subscribers,臉書行銷推廣方案⭐️⭐️,7500.0,234.375,100,3000,No,No,No,TWD
418,•臉書 社團加人數-亞洲粉絲🔥,Facebook,Followers/Subscribers,臉書行銷推廣方案⭐️⭐️,1480.0,46.25,100,2000000,No,No,No,TWD
536,•臉書 社團加人數-亞洲粉絲*較快啟動🔥,Facebook,Followers/Subscribers,臉書行銷推廣方案⭐️⭐️,1576.0,49.25,10,100000,No,No,No,TWD
672,•臉書 社團加人數-亞洲粉絲*較快啟動*促銷🎊,Facebook,Followers/Subscribers,臉書行銷推廣方案⭐️⭐️,691.0,21.59375,1000,100000,No,No,No,TWD
14,•臉書 社團加人數-全球粉絲[服務器二],Facebook,Followers/Subscribers,臉書行銷推廣方案⭐️⭐️,1980.0,61.875,10,100000,No,No,No,TWD
366,臉書增加直播觀看人數*自然提升【30分鐘】⚡️,Facebook,Live Stream Viewers,臉書直播觀看*人數自然提升*穩定*推薦👍⭐️🔥,1540.0,48.125,50,1000,No,No,No,TWD
367,臉書增加直播觀看人數*自然提升【60分鐘/1小時】⭐️🔥⚡️,Facebook,Live Stream Viewers,臉書直播觀看*人數自然提升*穩定*推薦👍⭐️🔥,3074.0,96.0625,50,1000,No,No,No,TWD
368,臉書增加直播觀看人數*自然提升【90分鐘/1小時半】⭐️🔥⚡️,Facebook,Live Stream Viewers,臉書直播觀看*人數自然提升*穩定*推薦👍⭐️🔥,5026.0,157.0625,50,1000,No,No,No,TWD
414,臉書增加直播觀看人數*自然提升【120分鐘/2小時】⭐️🔥⚡️,Facebook,Live Stream Viewers,臉書直播觀看*人數自然提升*穩定*推薦👍⭐️🔥,6714.0,209.8125,20,1000,No,No,No,TWD
369,臉書增加直播觀看人數*自然提升【150分鐘/2小時半】⭐️🔥⚡️,Facebook,Live Stream Viewers,臉書直播觀看*人數自然提升*穩定*推薦👍⭐️🔥,8631.0,269.71875,20,1000,No,No,No,TWD
371,臉書增加直播觀看人數*自然提升【180分鐘/3小時】⭐️⚡️,Facebook,Live Stream Viewers,臉書直播觀看*人數自然提升*穩定*推薦👍⭐️🔥,9785.0,305.78125,20,1000,No,No,No,TWD
372,臉書增加直播觀看人數*自然提升【210分鐘/3小時半】⭐️🔥⚡️,Facebook,Live Stream Viewers,臉書直播觀看*人數自然提升*穩定*推薦👍⭐️🔥,11390.0,355.9375,20,20000,No,No,No,TWD
373,臉書增加直播觀看人數*自然提升【240分鐘/4小時】⭐️🔥⚡️,Facebook,Live Stream Viewers,臉書直播觀看*人數自然提升*穩定*推薦👍⭐️🔥,12875.0,402.34375,20,20000,No,No,No,TWD
33,增加直播觀看人數*啟動最快【30分鐘】⚡️,Facebook,Live Stream Viewers,臉書直播觀看*啟動最快⚡️,1581.0,49.40625,50,20000,No,No,No,TWD
485,增加直播觀看人數*啟動最快【60分鐘/1小時】⚡️🔥,Facebook,Live Stream Viewers,臉書直播觀看*啟動最快⚡️,2856.0,89.25,50,20000,No,No,No,TWD
35,增加直播觀看人數*啟動最快【90分鐘/1小時半】⚡️🔥,Facebook,Live Stream Viewers,臉書直播觀看*啟動最快⚡️,4595.0,143.59375,50,20000,No,No,No,TWD
36,增加直播觀看人數*啟動最快【120分鐘/2小時】⚡️🔥,Facebook,Live Stream Viewers,臉書直播觀看*啟動最快⚡️,6142.0,191.9375,50,20000,No,No,No,TWD
37,增加直播觀看人數*啟動最快【150分鐘/2小時半】⚡️🔥,Facebook,Live Stream Viewers,臉書直播觀看*啟動最快⚡️,7633.0,238.53125,20,20000,No,No,No,TWD
38,增加直播觀看人數*啟動最快【180分鐘/3小時】⚡️🔥,Facebook,Live Stream Viewers,臉書直播觀看*啟動最快⚡️,9333.0,291.65625,20,20000,No,No,No,TWD
39,增加直播觀看人數*啟動最快【210分鐘/3小時半】⚡️,Facebook,Live Stream Viewers,臉書直播觀看*啟動最快⚡️,11033.0,344.78125,20,20000,No,No,No,TWD
40,增加直播觀看人數*啟動最快【240分鐘/4小時】⚡️,Facebook,Live Stream Viewers,臉書直播觀看*啟動最快⚡️,12292.0,384.125,20,20000,No,No,No,TWD
612,增加直播觀看人數*啟動最快【270分鐘/4小時半】⚡️,Facebook,Live Stream Viewers,臉書直播觀看*啟動最快⚡️,13832.0,432.25,20,20000,No,No,No,TWD
41,增加直播觀看人數*啟動最快【300分鐘/5小時】⚡️,Facebook,Live Stream Viewers,臉書直播觀看*啟動最快⚡️,14921.0,466.28125,20,20000,No,No,No,TWD
613,增加直播觀看人數*啟動最快【360分鐘/6小時】⚡️,Facebook,Live Stream Viewers,臉書直播觀看*啟動最快⚡️,17677.0,552.40625,20,10000,No,No,No,TWD
709,增加直播觀看人數*啟動最快【420分鐘/7小時】⚡️,Facebook,Live Stream Viewers,臉書直播觀看*啟動最快⚡️,20939.0,654.34375,20,10000,No,No,No,TWD
632,增加直播觀看人數*啟動最快【480分鐘/8小時】⚡️,Facebook,Live Stream Viewers,臉書直播觀看*啟動最快⚡️,23537.0,735.53125,20,20000,No,No,No,TWD
708,增加直播觀看人數*啟動最快【540分鐘/9小時】⚡️,Facebook,Live Stream Viewers,臉書直播觀看*啟動最快⚡️,25317.0,791.15625,20,20000,No,No,No,TWD
42,增加直播觀看人數*啟動最快【600分鐘/10小時】⚡️,Facebook,Live Stream Viewers,臉書直播觀看*啟動最快⚡️,27660.0,864.375,20,20000,No,No,No,TWD
359,指定留言處按讚(比賽或洗排序用途)*快速*穩定質量⭐️🔥,Facebook,Likes/Reactions,臉書其他/特殊項目,1799.0,56.21875,50,100000,No,No,No,TWD
387,指定留言處按讚-亞洲讚(比賽或洗排序用途)⭐️🔥,Facebook,Likes/Reactions,臉書其他/特殊項目,2884.0,90.125,100,10000,No,No,No,TWD
408,檢舉貼文/粉絲團/社團/個人臉書💀,Facebook,Followers/Subscribers,臉書其他/特殊項目,15000.0,468.75,2,10000,No,No,No,TWD
74,網站真人分享,Facebook,Shares,臉書其他/特殊項目,1878.0,58.6875,200,1000000,No,No,No,TWD
59,個人臉書加好友⭐️🔥⚡️,Facebook,Other,臉書其他/特殊項目,2500.0,78.125,100,50000,No,No,No,TWD
60,個人粉絲追蹤-非常穩定⭐️🔥⚡️,Facebook,Followers/Subscribers,臉書其他/特殊項目,939.0,29.34375,50,100000,No,No,Yes,TWD
398,亞洲表情讚(哇)*30天保固😲 ⚡️,Facebook,Likes/Reactions,臉書其他/特殊項目,1277.0,39.90625,10,100000,No,Yes,No,TWD
399,亞洲表情讚(愛心)*30天保固❤️ ⚡️,Facebook,Likes/Reactions,臉書其他/特殊項目,1277.0,39.90625,10,100000,No,No,No,TWD
400,亞洲表情讚(哈)*30天保固😆 ⚡️,Facebook,Likes/Reactions,臉書其他/特殊項目,1277.0,39.90625,10,100000,No,Yes,No,TWD
401,亞洲表情讚(加油/care)*30天保固 ⚡️,Facebook,Likes/Reactions,臉書其他/特殊項目,1276.0,39.875,10,100000,No,No,No,TWD
402,亞洲表情讚(難過)*30天保固😢 ⚡️,Facebook,Likes/Reactions,臉書其他/特殊項目,1276.0,39.875,10,100000,No,No,No,TWD
737,亞洲表情讚(生氣)*啟動較快😡⚡️,Facebook,Likes/Reactions,臉書其他/特殊項目,1462.0,45.6875,100,100000,No,No,No,TWD
736,亞洲表情讚(生氣)*30天保固(服務器二)😡⚡️,Facebook,Likes/Reactions,臉書其他/特殊項目,1325.0,41.40625,100,10000,Yes,Yes,No,TWD
403,亞洲表情讚(生氣)*30天保固😡 ⚡️,Facebook,Likes/Reactions,臉書其他/特殊項目,1276.0,39.875,10,100000,No,No,No,TWD
23,全球表情讚(愛心)❤️ ⚡️💧,Facebook,Likes/Reactions,臉書其他/特殊項目,976.0,30.5,20,100000,No,Yes,Yes,TWD
24,全球表情讚(哈)😆 ⚡️💧,Facebook,Likes/Reactions,臉書其他/特殊項目,976.0,30.5,20,100000,No,Yes,Yes,TWD
22,全球表情讚(哇)😲 ⚡️💧,Facebook,Likes/Reactions,臉書其他/特殊項目,976.0,30.5,20,100000,No,Yes,Yes,TWD
25,全球表情讚(加油/care) ⚡️💧,Facebook,Likes/Reactions,臉書其他/特殊項目,976.0,30.5,20,100000,No,Yes,Yes,TWD
26,全球表情讚(難過)😢 ⚡️💧,Facebook,Likes/Reactions,臉書其他/特殊項目,976.0,30.5,20,100000,No,Yes,Yes,TWD
27,全球表情讚(生氣)😡 ⚡️💧,Facebook,Likes/Reactions,臉書其他/特殊項目,976.0,30.5,50,100000,No,Yes,Yes,TWD
561,Reels觀看人數 *穩定執行⭐️🔥,Facebook,Views/Plays,臉書其他/特殊項目,200.0,6.25,1000,100000000,No,No,No,TWD
562,Reels觀看人數 *穩定執行(服務器二),Facebook,Views/Plays,臉書其他/特殊項目,500.0,15.625,100,10000000,No,No,No,TWD
584,•臉書 🇰🇷韓國人貼文自訂留言,Facebook,Comments,臉書特定國家/地區網友貼文/影片留言/評論*New,17595.0,549.84375,1,150,No,No,No,TWD
585,•臉書 🇰🇷韓國人貼文隨機留言,Facebook,Comments,臉書特定國家/地區網友貼文/影片留言/評論*New,17171.0,536.59375,1,150,No,No,No,TWD
583,•臉書 🇺🇸🇬🇧美英人士貼文自訂留言,Facebook,Comments,臉書特定國家/地區網友貼文/影片留言/評論*New,19990.0,624.6875,2,200,No,No,No,TWD
589,•臉書 🇫🇷法國人貼文自訂留言,Facebook,Comments,臉書特定國家/地區網友貼文/影片留言/評論*New,21007.0,656.46875,1,500,No,No,No,TWD
586,•臉書 🇹🇭泰國人貼文隨機留言,Facebook,Comments,臉書特定國家/地區網友貼文/影片留言/評論*New,22330.0,697.8125,5,3000,No,No,No,TWD
588,•臉書 亞洲貼文/影片自訂留言,Facebook,Comments,臉書特定國家/地區網友貼文/影片留言/評論*New,18655.0,582.96875,10,250,No,No,No,TWD
587,•臉書 全球貼文/影片自訂留言,Facebook,Comments,臉書特定國家/地區網友貼文/影片留言/評論*New,7833.0,244.78125,10,1000,No,No,No,TWD
591,•臉書 全球男性貼文/影片自訂留言,Facebook,Comments,臉書特定國家/地區網友貼文/影片留言/評論*New,18646.0,582.6875,10,999,No,No,No,TWD
592,•臉書 全球男性貼文/影片隨機留言,Facebook,Comments,臉書特定國家/地區網友貼文/影片留言/評論*New,17073.0,533.53125,10,250,No,No,No,TWD
375,•臉書 全球女性貼文/影片自訂留言,Facebook,Comments,臉書特定國家/地區網友貼文/影片留言/評論*New,22195.0,693.59375,10,250,No,No,No,TWD
376,•臉書 全球女性貼文/影片隨機留言,Facebook,Comments,臉書特定國家/地區網友貼文/影片留言/評論*New,18124.0,566.375,10,250,No,No,No,TWD
374,•臉書 🇺🇸美國人粉絲團隨機推薦評論🔥⭐️,Facebook,Followers/Subscribers,臉書特定國家/地區網友貼文/影片留言/評論*New,8157.0,254.90625,5,1000,No,No,No,TWD
590,•臉書 🇫🇷法國人粉絲團自訂推薦評論,Facebook,Followers/Subscribers,臉書特定國家/地區網友貼文/影片留言/評論*New,48079.0,1502.46875,1,500,No,No,No,TWD
78,•臉書 全球粉絲團隨機推薦評論,Facebook,Followers/Subscribers,臉書特定國家/地區網友貼文/影片留言/評論*New,49570.0,1549.0625,10,1000,No,No,No,TWD
506,•臉書 粉絲團讚*馬來西亞人*保固方案🔥,Facebook,Followers/Subscribers,臉書行銷服務 - 馬來西亞🇲🇾,7800.0,243.75,50,1000,No,No,No,TWD
507,•臉書 粉絲團/個人粉絲追蹤數*馬來西亞人*保固方案,Facebook,Followers/Subscribers,臉書行銷服務 - 馬來西亞🇲🇾,7800.0,243.75,50,10000,No,No,No,TWD
510,•臉書 加社團人數*馬來西亞人+華人*保固方案🔥,Facebook,Other,臉書行銷服務 - 馬來西亞🇲🇾,7800.0,243.75,100,1000,No,No,No,TWD
508,•臉書 貼文留言*馬來西亞人,Facebook,Comments,臉書行銷服務 - 馬來西亞🇲🇾,20000.0,625.0,5,500,No,No,No,TWD
509,•臉書 粉專評價推薦*馬來西亞人,Facebook,Other,臉書行銷服務 - 馬來西亞🇲🇾,60000.0,1875.0,1,500,No,No,No,TWD
511,•臉書 貼文表情(LOVE)*馬來西亞人*保固方案🔥,Facebook,Likes/Reactions,臉書行銷服務 - 馬來西亞🇲🇾,3000.0,93.75,30,1000,No,No,No,TWD
512,•臉書 貼文表情(HAHA)*馬來西亞人*保固方案🔥,Facebook,Likes/Reactions,臉書行銷服務 - 馬來西亞🇲🇾,3000.0,93.75,30,1000,No,No,No,TWD
513,•臉書 貼文表情(CARE)*馬來西亞人*保固方案🔥,Facebook,Likes/Reactions,臉書行銷服務 - 馬來西亞🇲🇾,3000.0,93.75,30,1000,No,No,No,TWD
514,•臉書 貼文表情(WOW)*馬來西亞人*保固方案🔥,Facebook,Likes/Reactions,臉書行銷服務 - 馬來西亞🇲🇾,3000.0,93.75,30,1000,No,No,No,TWD
779,IG 🌏亞洲讚*30天保固*快速啟動*促銷*NEW🔥🛡🎊,Instagram,Likes/Reactions,Instagram IG行銷推廣方案⭐️⭐️,380.0,11.875,50,10000,Yes,No,No,TWD
730,IG 🇹🇼台灣讚*保固🔥⭐️🛡,Instagram,Likes/Reactions,Instagram IG行銷推廣方案⭐️⭐️,3500.0,109.375,30,10000,Yes,No,No,TWD
602,IG 🇹🇼🇭🇰台灣華人粉*推薦服務器*真人高質量*穩定永久保固🔥⭐️🛡,Instagram,Other,Instagram IG行銷推廣方案⭐️⭐️,3750.0,117.1875,50,50000,Yes,No,No,TWD
739,IG 🇭🇰香港粉*30天保固*NEW*啟動較快🛡,Instagram,Other,Instagram IG行銷推廣方案⭐️⭐️,4308.0,134.625,50,1000,Yes,No,No,TWD
740,IG 🇻🇳🇨🇳越南華人粉*促銷,Instagram,Other,Instagram IG行銷推廣方案⭐️⭐️,1485.0,46.40625,100,20000,No,No,No,TWD
741,IG 🇯🇵日本粉*30天保固*NEW🛡,Instagram,Other,Instagram IG行銷推廣方案⭐️⭐️,5890.0,184.0625,50,15000,Yes,No,No,TWD
742,IG 🇰🇷韓國粉*30天保固*NEW🛡,Instagram,Other,Instagram IG行銷推廣方案⭐️⭐️,5890.0,184.0625,50,12000,Yes,No,No,TWD
548,IG 亞洲粉*促銷,Instagram,Other,Instagram IG行銷推廣方案⭐️⭐️,1468.0,45.875,100,50000,No,No,No,TWD
623,IG 限時動態觀看⭐️🔥,Instagram,Views/Plays,Instagram IG行銷推廣方案⭐️⭐️,190.0,5.9375,100,15000,No,No,No,TWD
552,IG 日本粉⭐️,Instagram,Other,Instagram IG行銷推廣方案⭐️⭐️,5061.0,158.15625,50,50000,No,No,No,TWD
100,IG 亞洲帳號留言🔥⚡️,Instagram,Comments,Instagram IG行銷推廣方案⭐️⭐️,20048.0,626.5,1,20000,No,No,No,TWD
410,IG 台灣華人帳號留言🔥,Instagram,Comments,Instagram IG行銷推廣方案⭐️⭐️,22000.0,687.5,5,1000,No,No,No,TWD
557,IG 全球表情隨機留言,Instagram,Likes/Reactions,Instagram IG行銷推廣方案⭐️⭐️,1421.0,44.40625,10,200000,No,No,No,TWD
556,IG 全球隨機留言,Instagram,Comments,Instagram IG行銷推廣方案⭐️⭐️,1391.0,43.46875,10,20000,No,No,No,TWD
98,IG 全球自訂留言*促銷🎊,Instagram,Comments,Instagram IG行銷推廣方案⭐️⭐️,1470.0,45.9375,10,5000,No,No,No,TWD
772,IG 全球讚*最快啟動*60天保固🔥⚡️🛡,Instagram,Likes/Reactions,Instagram IG行銷推廣方案⭐️⭐️,400.0,12.5,200,150000,Yes,Yes,No,TWD
770,IG 全球讚*永久保固🔥⭐️🛡,Instagram,Likes/Reactions,Instagram IG行銷推廣方案⭐️⭐️,403.0,12.59375,50,2000000,No,No,No,TWD
773,IG 全球讚*永久保固*促銷(服務器二)🛡🎊,Instagram,Likes/Reactions,Instagram IG行銷推廣方案⭐️⭐️,287.0,8.96875,50,3000000,Yes,No,No,TWD
769,IG 全球讚*快速啟動*30天保固⚡️⭐️🛡,Instagram,Likes/Reactions,Instagram IG行銷推廣方案⭐️⭐️,313.0,9.78125,50,150000,No,Yes,No,TWD
190,IG 全球讚*非常穩定*自動保固🔥⭐️🛡🎊,Instagram,Likes/Reactions,Instagram IG行銷推廣方案⭐️⭐️,503.0,15.71875,50,200000,Yes,Yes,No,TWD
88,IG 全球讚*促銷 *史上最低價!!🔥⚡️🎊,Instagram,Likes/Reactions,Instagram IG行銷推廣方案⭐️⭐️,98.0,3.0625,100,100000,No,No,No,TWD
774,IG 全球讚*促銷🎊,Instagram,Likes/Reactions,Instagram IG行銷推廣方案⭐️⭐️,110.0,3.4375,100,1000000,No,No,No,TWD
90,IG 全球讚*99%全真人用戶🔥⭐️,Instagram,Likes/Reactions,Instagram IG行銷推廣方案⭐️⭐️,777.0,24.28125,20,20000,Yes,No,No,TWD
648,IG 貼圖自動讚*保固🔥⚡️🛡,Instagram,Likes/Reactions,Instagram IG行銷推廣方案⭐️⭐️,332.0,10.375,30,1000000,No,No,No,TWD
111,IG 貼圖自動讚🔥⚡️,Instagram,Likes/Reactions,Instagram IG行銷推廣方案⭐️⭐️,202.0,6.3125,50,200000,No,Yes,No,TWD
79,IG 增加全球粉*便宜 *易掉🔥⚡️,Instagram,Other,Instagram IG行銷推廣方案⭐️⭐️,445.0,13.90625,100,200000,No,No,No,TWD
534,IG 增加穩定全球粉*60天保固🛡,Instagram,Other,Instagram IG行銷推廣方案⭐️⭐️,758.0,23.6875,100,5000000,Yes,No,No,TWD
720,IG 增加穩定全球粉*180天保固(服務器二)🛡,Instagram,Other,Instagram IG行銷推廣方案⭐️⭐️,1250.0,39.0625,100,3000000,Yes,No,No,TWD
83,IG 增加穩定全球粉*永久保固(服務器二)🔥⭐️🛡,Instagram,Other,Instagram IG行銷推廣方案⭐️⭐️,1680.0,52.5,100,3000000,Yes,No,No,TWD
766,IG 影片觀看(reels/TV/一般影片)*最快啟動🔥⚡️,Instagram,Views/Plays,Instagram IG行銷推廣方案⭐️⭐️,40.0,1.25,1000,100000000,No,No,No,TWD
91,IG 一般影片觀看🔥⭐️,Instagram,Views/Plays,Instagram IG行銷推廣方案⭐️⭐️,39.0,1.21875,1000,399999999,No,No,No,TWD
126,IG *網紅/品牌必備 自動增加印象+個人頭貼到訪+Discover+首頁到訪🔥⚡️⭐️🎊,Instagram,Other,Instagram IG行銷推廣方案⭐️⭐️,253.0,7.90625,100,50000,No,No,No,TWD
635,IG 貼文互動率提升套餐(分享+觸及+印象分數+首頁到訪),Instagram,Views/Plays,Instagram IG行銷推廣方案⭐️⭐️,650.0,20.3125,100,5000000,No,No,No,TWD
636,IG 貼文/影片分享曝光,Instagram,Shares,Instagram IG行銷推廣方案⭐️⭐️,898.0,28.0625,100,5000000,No,No,No,TWD
763,IG 貼文/影片分享曝光(服務器三),Instagram,Shares,Instagram IG行銷推廣方案⭐️⭐️,847.0,26.46875,100,10000000,No,No,No,TWD
118,IG 影片自動觀看+增加印象+個人頁面到訪*提升排名🔥⚡️⭐️🎊,Instagram,Views/Plays,Instagram IG行銷推廣方案⭐️⭐️,55.0,1.71875,100,100000000,No,No,No,TWD
120,IG 🇹🇼🇭🇰🇨🇳台灣華人影片自動觀看🔥⚡️⭐️,Instagram,Views/Plays,Instagram IG行銷推廣方案⭐️⭐️,106.0,3.3125,100,100000000,No,No,No,TWD
722,直播觀看人數【60分鐘/1小時】(服務器二)⚡️,Instagram,Live Stream Viewers,Instagram 直播/其他/綜合曝光項目,5617.0,175.53125,50,50000,No,No,No,TWD
723,直播觀看人數【90分鐘/1.5小時】(服務器二)⚡️,Instagram,Live Stream Viewers,Instagram 直播/其他/綜合曝光項目,8371.0,261.59375,50,50000,No,No,No,TWD
724,直播觀看人數【120分鐘/2小時】(服務器二)⚡️,Instagram,Live Stream Viewers,Instagram 直播/其他/綜合曝光項目,11010.0,344.0625,50,50000,No,No,No,TWD
725,直播觀看人數【180分鐘/3小時】(服務器二)⚡️,Instagram,Live Stream Viewers,Instagram 直播/其他/綜合曝光項目,16038.0,501.1875,50,50000,No,No,No,TWD
726,直播觀看人數【240分鐘/4小時】(服務器二)⚡️,Instagram,Live Stream Viewers,Instagram 直播/其他/綜合曝光項目,20862.0,651.9375,30,50000,No,No,No,TWD
424,直播觀看人數【30分鐘】⚡️,Instagram,Live Stream Viewers,Instagram 直播/其他/綜合曝光項目,2432.0,76.0,50,5000,No,No,No,TWD
95,直播按讚人數🔥⚡️⭐️,Instagram,Live Stream Viewers,Instagram 直播/其他/綜合曝光項目,482.0,15.0625,200,10000,No,No,No,TWD
96,直播影片隨機留言⚡️,Instagram,Comments,Instagram 直播/其他/綜合曝光項目,11040.0,345.0,50,2000,No,No,No,TWD
579,限時動態觀看⭐️🔥,Instagram,Views/Plays,Instagram 直播/其他/綜合曝光項目,190.0,5.9375,100,15000,No,No,No,TWD
105,限時動態 Poll Votes,Instagram,Votes,Instagram 直播/其他/綜合曝光項目,884.0,27.625,50,30000,No,No,No,TWD
99,指定留言處按讚,Instagram,Likes/Reactions,Instagram 直播/其他/綜合曝光項目,1369.0,42.78125,10,100000,No,Yes,No,TWD
771,IG增加觸及+個人頁面造訪+Reach*提升排名(服務器二)⭐️,Instagram,Views/Plays,Instagram 直播/其他/綜合曝光項目,684.0,21.375,100,100000,No,No,No,TWD
107,IG增加觸及+個人頁面造訪+Reach*提升排名⭐️⚡️,Instagram,Views/Plays,Instagram 直播/其他/綜合曝光項目,399.0,12.46875,100,100000,No,No,No,TWD
634,IG 貼文互動率提升套餐(分享+觸及+印象分數+首頁到訪),Instagram,Views/Plays,Instagram 直播/其他/綜合曝光項目,650.0,20.3125,100,5000000,No,No,No,TWD
633,IG 貼文分享曝光,Instagram,Shares,Instagram 直播/其他/綜合曝光項目,500.0,15.625,100,5000000,No,No,No,TWD
559,IG 提升貼文觸及,Instagram,Views/Plays,Instagram 直播/其他/綜合曝光項目,480.0,15.0,100,10000,No,No,No,TWD
558,IG 提升影片觸及,Instagram,Views/Plays,Instagram 直播/其他/綜合曝光項目,480.0,15.0,100,10000,No,No,No,TWD
101,Photo/Viedo SAVE/收藏,Instagram,Saves,Instagram 直播/其他/綜合曝光項目,87.0,2.71875,100,1000000,No,No,No,TWD
106,IG Highlights Views⭐️⚡️,Instagram,Views/Plays,Instagram 直播/其他/綜合曝光項目,658.0,20.5625,100,300000,No,No,No,TWD
93,IG Reel 觀看⚡️,Instagram,Views/Plays,Instagram 直播/其他/綜合曝光項目,269.0,8.40625,100,10000000,No,No,No,TWD
596,IG 影片觀看⚡️,Instagram,Views/Plays,Instagram 直播/其他/綜合曝光項目,59.0,1.84375,100,10000000,No,Yes,No,TWD
780,Twitter 按讚*快速啟動*穩定*60天保固*推薦服務器*NEW🔥,Twitter/X,Likes/Reactions,Twitter 行銷服務,1150.0,35.9375,30,5000,Yes,No,No,TWD
519,Twitter 按讚*穩定*30天保固*推薦服務器🔥,Twitter/X,Likes/Reactions,Twitter 行銷服務,1142.0,35.6875,50,10000,Yes,No,No,TWD
450,Twitter 按讚(服務器二)*混合真人,Twitter/X,Likes/Reactions,Twitter 行銷服務,898.0,28.0625,100,5000,No,No,No,TWD
428,Twitter Retweet 轉推*一個月保固🔥⭐️🛡,Twitter/X,Shares,Twitter 行銷服務,1480.0,46.25,50,100000,Yes,No,No,TWD
447,Twitter 粉絲追蹤*30日保固*亞洲粉為主🔥⭐️⚡️🛡,Twitter/X,Followers/Subscribers,Twitter 行銷服務,4276.0,133.625,100,50000,Yes,Yes,No,TWD
205,Twitter 粉絲追蹤*10天保固🛡,Twitter/X,Followers/Subscribers,Twitter 行銷服務,3038.0,94.9375,100,50000,Yes,Yes,No,TWD
427,Twitter 粉絲追蹤*一年保固*推薦服務器🔥⭐️🛡,Twitter/X,Followers/Subscribers,Twitter 行銷服務,3900.0,121.875,100,100000,Yes,No,No,TWD
783,Twitter 影片觀看🔥⭐️,Twitter/X,Views/Plays,Twitter 行銷服務,49.0,1.53125,1000,2147483647,No,No,No,TWD
208,Twitter 影片觀看(服務器二),Twitter/X,Views/Plays,Twitter 行銷服務,67.0,2.09375,1000,1000000000,No,No,No,TWD
765,Twitter 貼文觀看⭐️,Twitter/X,Views/Plays,Twitter 行銷服務,58.0,1.8125,1000,1000000,No,No,No,TWD
206,Twitter 隨機留言🔥,Twitter/X,Comments,Twitter 行銷服務,10124.0,316.375,10,250,No,No,No,TWD
207,Twitter 自訂留言,Twitter/X,Comments,Twitter 行銷服務,15167.0,473.96875,10,250,No,No,No,TWD
210,Twitter 大頭照點閱曝光,Twitter/X,Other,Twitter 行銷服務,71.0,2.21875,100,100000000,No,No,No,TWD
211,Twitter Hashtag點閱曝光,Twitter/X,Other,Twitter 行銷服務,61.0,1.90625,100,100000000,No,No,No,TWD
212,Twitter 連結點擊曝光,Twitter/X,Other,Twitter 行銷服務,51.0,1.59375,100,100000000,No,No,No,TWD
213,Twitter Tweet Impression 推文增加印象曝光🔥⭐️🛡,Twitter/X,Views/Plays,Twitter 行銷服務,48.0,1.5,1000,2147483647,No,No,No,TWD
764,Twitter Poll Vote 投票(服務器二),Twitter/X,Votes,Twitter 行銷服務,3175.0,99.21875,100,50000,No,No,No,TWD
768,Twitter Poll Vote 投票(服務器三),Twitter/X,Votes,Twitter 行銷服務,3699.0,115.59375,10,100000,No,No,No,TWD
614,Twitter  Space Listeners 30分鐘,Twitter/X,Other,Twitter 行銷服務,580.0,18.125,40,100000,No,No,No,TWD
615,Twitter Space Listeners 60分鐘,Twitter/X,Other,Twitter 行銷服務,1083.0,33.84375,40,100000,No,No,No,TWD
616,Twitter Space Listeners 90分鐘,Twitter/X,Other,Twitter 行銷服務,1538.0,48.0625,40,100000,No,No,No,TWD
618,Twitter Space Listeners 120分鐘,Twitter/X,Other,Twitter 行銷服務,1882.0,58.8125,40,100000,No,No,No,TWD
468,Twitter NFT帳號追蹤(服務器二)🔥*促銷,Twitter/X,Followers/Subscribers,Twitter NFT 行銷服務 I 獨家服務🔥,3690.0,115.3125,100,200,No,No,No,TWD
767,SEO 谷歌搜尋引擎最佳化關鍵字排名服務*台灣真人💧🔥⭐️,Website Traffic,Website Traffic,🔍網站/網頁提升流量/SEO服務,215.0,6.71875,1000,1000000,No,No,No,TWD
728,提升網頁流量🔥⭐️,Website Traffic,Website Traffic,🔍網站/網頁提升流量/SEO服務,149.0,4.65625,500,10000000,No,No,No,TWD
593,提升網頁流量(服務器二)💧🔥⭐️,Website Traffic,Website Traffic,🔍網站/網頁提升流量/SEO服務,92.0,2.875,500,10000000,No,No,No,TWD
217,谷歌提升台灣訪客流量💧🔥⭐️,Website Traffic,Website Traffic,🔍網站/網頁提升流量/SEO服務,145.0,4.53125,500,1000000,No,No,No,TWD
218,YouTube提升台灣訪客流量💧🔥⭐️,YouTube,Website Traffic,🔍網站/網頁提升流量/SEO服務,175.0,5.46875,500,1000000,No,No,No,TWD
219,臉書提升台灣訪客流量💧🔥⭐️,Facebook,Website Traffic,🔍網站/網頁提升流量/SEO服務,182.0,5.6875,500,1000000,No,No,No,TWD
220,Instagram提升台灣訪客流量💧🔥⭐️,Instagram,Website Traffic,🔍網站/網頁提升流量/SEO服務,175.0,5.46875,500,1000000,No,No,No,TWD
221,Twitter提升台灣訪客流量💧⭐️,Twitter/X,Website Traffic,🔍網站/網頁提升流量/SEO服務,175.0,5.46875,500,1000000,No,No,No,TWD
225,Yahoo洗台灣訪客流量💧⭐️,Website Traffic,Website Traffic,🔍網站/網頁提升流量/SEO服務,165.0,5.15625,500,1000000,No,No,No,TWD
224,Bing.com洗台灣訪客流量💧⭐️,Website Traffic,Website Traffic,🔍網站/網頁提升流量/SEO服務,165.0,5.15625,500,1000000,No,No,No,TWD
227,Pixnet痞客邦洗台灣訪客流量💧🔥⭐️,Website Traffic,Website Traffic,🔍網站/網頁提升流量/SEO服務,165.0,5.15625,500,1000000,No,No,No,TWD
230,Ptt.cc 批踢踢實業坊洗台灣訪客流量💧🔥⭐️,Website Traffic,Website Traffic,🔍網站/網頁提升流量/SEO服務,165.0,5.15625,500,1000000,No,No,No,TWD
231,蝦皮購物洗台灣訪客流量💧🔥⭐️,Shopee,Website Traffic,🔍網站/網頁提升流量/SEO服務,259.0,8.09375,500,1000000,No,No,No,TWD
226,Ebay洗台灣訪客流量💧⭐️,Website Traffic,Website Traffic,🔍網站/網頁提升流量/SEO服務,165.0,5.15625,500,1000000,No,No,No,TWD
229,巴哈姆特洗台灣訪客流量💧🔥⭐️,Website Traffic,Website Traffic,🔍網站/網頁提升流量/SEO服務,165.0,5.15625,500,1000000,No,No,No,TWD
228,momo購物網洗台灣訪客流量💧🔥⭐️,Website Traffic,Website Traffic,🔍網站/網頁提升流量/SEO服務,165.0,5.15625,500,1000000,No,No,No,TWD
222,Blogspot洗台灣訪客流量💧,Website Traffic,Website Traffic,🔍網站/網頁提升流量/SEO服務,165.0,5.15625,500,1000000,No,No,No,TWD
223,LinkedIn洗台灣訪客流量💧,LinkedIn,Website Traffic,🔍網站/網頁提升流量/SEO服務,165.0,5.15625,500,1000000,No,No,No,TWD
232,SEO [來自全球訪客] 谷歌搜尋引擎最佳化關鍵字排名服務💧🔥,Website Traffic,Website Traffic,🔍網站/網頁提升流量/SEO服務,152.0,4.75,100,1000000,No,Yes,Yes,TWD
630,SEO 谷歌搜尋引擎最佳化關鍵字排名服務*美國真人💧🔥⭐️,Website Traffic,Website Traffic,🔍網站/網頁提升流量/SEO服務,201.0,6.28125,500,1000000,No,Yes,Yes,TWD
631,提升網頁流量*美國人造訪⭐️,Website Traffic,Website Traffic,🔍網站/網頁提升流量/SEO服務,237.0,7.40625,500,1000000,No,Yes,No,TWD
234,谷歌提升全球訪客流量💧🔥,Website Traffic,Website Traffic,🔍網站/網頁提升流量/SEO服務,78.0,2.4375,100,1000000,No,Yes,Yes,TWD
759,蝦皮粉絲追蹤*亞洲來源,Shopee,Followers/Subscribers,蝦皮拍賣行銷曝光服務*NEW,4458.0,139.3125,10,10000,No,No,No,TWD
760,蝦皮按讚*亞洲來源,Shopee,Likes/Reactions,蝦皮拍賣行銷曝光服務*NEW,2504.0,78.25,10,10000,No,No,No,TWD
743,蝦皮增加直播觀看人數【30分鐘】⚡️,Shopee,Live Stream Viewers,蝦皮拍賣直播觀看人數⭐️🔥,4868.0,152.125,10,300000,No,No,No,TWD
745,蝦皮增加直播觀看人數【90分鐘/1小時半】⚡️,Shopee,Live Stream Viewers,蝦皮拍賣直播觀看人數⭐️🔥,11982.0,374.4375,10,300000,No,No,No,TWD
746,蝦皮增加直播觀看人數【120分鐘/2小時】⚡️,Shopee,Live Stream Viewers,蝦皮拍賣直播觀看人數⭐️🔥,15995.0,499.84375,10,300000,No,No,No,TWD
747,蝦皮增加直播觀看人數【180分鐘/3小時】⚡️,Shopee,Live Stream Viewers,蝦皮拍賣直播觀看人數⭐️🔥,23927.0,747.71875,10,300000,No,No,No,TWD
748,蝦皮增加直播觀看人數【240分鐘/4小時】⚡️,Shopee,Live Stream Viewers,蝦皮拍賣直播觀看人數⭐️🔥,31904.0,997.0,10,300000,No,No,No,TWD
749,蝦皮增加直播觀看人數【360分鐘/6小時】⚡️,Shopee,Live Stream Viewers,蝦皮拍賣直播觀看人數⭐️🔥,47856.0,1495.5,10,300000,No,No,No,TWD
750,蝦皮增加直播觀看人數【720分鐘/12小時】*促銷⚡️,Shopee,Live Stream Viewers,蝦皮拍賣直播觀看人數⭐️🔥,86626.0,2707.0625,10,300000,No,No,No,TWD
438,蝦皮增加直播觀看人數【30分鐘】⚡️,Shopee,Live Stream Viewers,蝦皮拍賣直播觀看人數⭐️🔥,4768.0,149.0,10,100000,No,No,No,TWD
440,蝦皮增加直播觀看人數【90分鐘/1小時半】⚡️,Shopee,Live Stream Viewers,蝦皮拍賣直播觀看人數⭐️🔥,11981.0,374.40625,10,100000,No,No,No,TWD
441,蝦皮增加直播觀看人數【120分鐘/2小時】⚡️,Shopee,Live Stream Viewers,蝦皮拍賣直播觀看人數⭐️🔥,15975.0,499.21875,10,100000,No,No,No,TWD
442,蝦皮增加直播觀看人數【150分鐘/2小時半】⚡️,Shopee,Live Stream Viewers,蝦皮拍賣直播觀看人數⭐️🔥,19851.0,620.34375,10,100000,No,No,No,TWD
443,蝦皮增加直播觀看人數【180分鐘/3小時】⚡️,Shopee,Live Stream Viewers,蝦皮拍賣直播觀看人數⭐️🔥,23962.0,748.8125,10,100000,No,No,No,TWD
572,Youtube 影片按讚*60天保固*推薦服務器🔥⭐️🛡,YouTube,Likes/Reactions,Youtube 行銷推廣方案,950.0,29.6875,50,50000,Yes,No,No,TWD
650,Youtube 影片按讚*永久保固*推薦服務器⭐️🛡,YouTube,Likes/Reactions,Youtube 行銷推廣方案,1100.0,34.375,10,50000,Yes,No,No,TWD
671,Youtube 影片按讚*30天保固*推薦服務器🔥⭐️🛡,YouTube,Likes/Reactions,Youtube 行銷推廣方案,563.0,17.59375,100,100000,Yes,No,No,TWD
649,Youtube 影片按讚*促銷無保固🔥,YouTube,Likes/Reactions,Youtube 行銷推廣方案,501.0,15.65625,100,500000,No,No,No,TWD
444,Youtube 影片按讚(服務器二)*促銷無保固🔥,YouTube,Likes/Reactions,Youtube 行銷推廣方案,550.0,17.1875,100,20000,No,No,No,TWD
181,Youtube 🇹🇼台灣人留言🔥⭐️,YouTube,Comments,Youtube 行銷推廣方案,20000.0,625.0,3,300,No,No,No,TWD
465,Youtube 🇹🇼台灣人留言(服務器二),YouTube,Comments,Youtube 行銷推廣方案,20000.0,625.0,2,30000,No,No,No,TWD
581,Youtube 🇹🇼台灣人隨機留言⭐️*NEW,YouTube,Comments,Youtube 行銷推廣方案,20000.0,625.0,1,5000,No,No,No,TWD
183,Youtube 全球網友隨機留言,YouTube,Comments,Youtube 行銷推廣方案,8229.0,257.15625,10,10000,No,No,No,TWD
179,Youtube 影片分享🛡,YouTube,Shares,Youtube 行銷推廣方案,356.0,11.125,100,15000,No,No,No,TWD
180,Youtube 🇹🇼台灣真人分享影片🔥⭐️🛡,YouTube,Shares,Youtube 行銷推廣方案,595.0,18.59375,50,100000,No,No,No,TWD
505,Youtube 粉絲訂閱*無保固*易掉,YouTube,Followers/Subscribers,Youtube 行銷推廣方案,450.0,14.0625,10,500000,No,No,No,TWD
174,Youtube 粉絲訂閱*30天保固,YouTube,Followers/Subscribers,Youtube 行銷推廣方案,5100.0,159.375,100,200000,No,No,No,TWD
498,Youtube 粉絲訂閱*高品質*執行較快*60天保固,YouTube,Followers/Subscribers,Youtube 行銷推廣方案,5300.0,165.625,100,200000,No,No,No,TWD
446,Youtube 粉絲訂閱*高品質*永久保固,YouTube,Followers/Subscribers,Youtube 行銷推廣方案,5900.0,184.375,100,50000,Yes,No,No,TWD
733,Youtube 影片觀看*快速運作*廣告投放真人觀看*穩定永久保固*推薦服務器🔥🛡,YouTube,Views/Plays,Youtube 行銷推廣方案,353.0,11.03125,1000,100000000,Yes,No,No,TWD
734,Youtube 影片觀看*量大快速運作*廣告投放真人觀看*穩定永久保固*推薦服務器🔥⭐️🛡,YouTube,Views/Plays,Youtube 行銷推廣方案,346.0,10.8125,30000,20000000,Yes,No,No,TWD
481,Youtube 影片觀看*永久保固*真人高品質🔥⭐️🛡,YouTube,Views/Plays,Youtube 行銷推廣方案,390.0,12.1875,500,10000000,No,No,No,TWD
423,Youtube 影片觀看*20天保固⭐️🛡,YouTube,Views/Plays,Youtube 行銷推廣方案,218.0,6.8125,500,100000000,Yes,No,No,TWD
173,Youtube 🇹🇼台灣人觀看影片*90天保固🛡⭐️,YouTube,Views/Plays,Youtube 行銷推廣方案,399.0,12.46875,1000,9000000,Yes,No,No,TWD
172,Youtube 🇭🇰香港人觀看影片*90天保固🛡,YouTube,Views/Plays,Youtube 行銷推廣方案,550.0,17.1875,500,100000,No,No,No,TWD
575,Youtube 短影片按讚*60天保固🔥🛡,YouTube,Likes/Reactions,Youtube 行銷推廣方案,900.0,28.125,50,250000,No,No,No,TWD
577,Youtube 短影片觀看*永久保固🔥🛡,YouTube,Views/Plays,Youtube 行銷推廣方案,580.0,18.125,300,1000000,No,No,No,TWD
184,Youtube 留言處按讚,YouTube,Likes/Reactions,Youtube 行銷推廣方案,1385.0,43.28125,50,100000,No,No,No,TWD
662,Youtube 影片直播觀看人數【30分鐘】*啟動較快,YouTube,Live Stream Viewers,Youtube 直播流量服務,1947.0,60.84375,50,500000,No,No,No,TWD
663,Youtube 影片直播觀看人數【60分鐘】*啟動較快,YouTube,Live Stream Viewers,Youtube 直播流量服務,3817.0,119.28125,50,500000,No,No,No,TWD
664,Youtube 影片直播觀看人數【90分鐘】*啟動較快,YouTube,Live Stream Viewers,Youtube 直播流量服務,5550.0,173.4375,50,500000,No,No,No,TWD
665,Youtube 影片直播觀看人數【120分鐘】*啟動較快,YouTube,Live Stream Viewers,Youtube 直播流量服務,7090.0,221.5625,50,500000,No,No,No,TWD
666,Youtube 影片直播觀看人數【150分鐘】*啟動較快,YouTube,Live Stream Viewers,Youtube 直播流量服務,9074.0,283.5625,50,500000,No,No,No,TWD
667,Youtube 影片直播觀看人數【180分鐘】*啟動較快,YouTube,Live Stream Viewers,Youtube 直播流量服務,10012.0,312.875,50,500000,No,No,No,TWD
668,Youtube 影片直播觀看人數【360分鐘/6小時】*啟動較快,YouTube,Live Stream Viewers,Youtube 直播流量服務,16972.0,530.375,50,500000,No,No,No,TWD
669,Youtube 影片直播觀看人數【720分鐘/12小時】*啟動較快,YouTube,Live Stream Viewers,Youtube 直播流量服務,27278.0,852.4375,50,500000,No,No,No,TWD
670,Youtube 影片直播觀看人數【1440分鐘/24小時】*啟動較快,YouTube,Live Stream Viewers,Youtube 直播流量服務,40905.0,1278.28125,50,500000,No,No,No,TWD
453,Youtube 影片直播觀看人數【30分鐘】,YouTube,Live Stream Viewers,Youtube 直播流量服務,2257.0,70.53125,50,500000,No,No,No,TWD
454,Youtube 影片直播觀看人數【60分鐘】,YouTube,Live Stream Viewers,Youtube 直播流量服務,4484.0,140.125,50,500000,No,No,No,TWD
531,Youtube 影片直播觀看人數【60分鐘】*服務器二,YouTube,Live Stream Viewers,Youtube 直播流量服務,4381.0,136.90625,100,1000000,No,Yes,No,TWD
530,Youtube 影片直播觀看人數【90分鐘】,YouTube,Live Stream Viewers,Youtube 直播流量服務,6755.0,211.09375,50,500000,No,No,No,TWD
529,Youtube 影片直播觀看人數【2小時】,YouTube,Live Stream Viewers,Youtube 直播流量服務,8921.0,278.78125,50,500000,No,No,No,TWD
455,Youtube 影片直播觀看人數【3小時】,YouTube,Live Stream Viewers,Youtube 直播流量服務,13214.0,412.9375,50,500000,No,No,No,TWD
169,Youtube 線上等候觀看的人數,YouTube,Live Stream Viewers,Youtube 直播流量服務,1002.0,31.3125,1000,100000,No,No,No,TWD
721,Youtube 客製化客訂廣告投放,YouTube,Other,Youtube 廣告曝光服務,1000.0,31.25,100,1000000,No,No,No,TWD
606,TikTok影片讚*最便宜🎊,TikTok,Likes/Reactions,TikTok 抖音行銷推廣項目,296.0,9.25,500,50000,No,No,No,TWD
146,TikTok影片讚*促銷🔥⭐️🎊,TikTok,Likes/Reactions,TikTok 抖音行銷推廣項目,370.0,11.5625,100,2147483647,No,Yes,No,TWD
147,TikTok影片讚*保固🔥⭐️🛡,TikTok,Likes/Reactions,TikTok 抖音行銷推廣項目,375.0,11.71875,50,100000,No,No,No,TWD
647,TikTok影片讚*保固(啟動較快)⭐️🛡,TikTok,Likes/Reactions,TikTok 抖音行銷推廣項目,375.0,11.71875,50,2000000,Yes,No,No,TWD
499,TikTok影片讚*永久保固🔥⭐️🛡,TikTok,Likes/Reactions,TikTok 抖音行銷推廣項目,550.0,17.1875,50,500000,No,No,No,TWD
500,TikTok影片讚*永久保固(服務器二)🔥⭐️🛡,TikTok,Likes/Reactions,TikTok 抖音行銷推廣項目,600.0,18.75,30,1000000,No,No,No,TWD
148,TikTok粉絲數*促銷🔥,TikTok,Followers/Subscribers,TikTok 抖音行銷推廣項目,799.0,24.96875,100,500000,No,No,No,TWD
149,TikTok粉絲數*保固🔥⭐️🛡,TikTok,Followers/Subscribers,TikTok 抖音行銷推廣項目,1344.0,42.0,10,10000000,No,No,No,TWD
151,TikTok粉絲數*保固*真人品質(服務器三)🔥⭐️🛡,TikTok,Followers/Subscribers,TikTok 抖音行銷推廣項目,1630.0,50.9375,100,150000,Yes,No,No,TWD
609,TikTok增加限時動態觀看人數,TikTok,Views/Plays,TikTok 抖音行銷推廣項目,445.0,13.90625,100,100000000,No,No,No,TWD
799,TikTok增加影片觀看*真人流量*一個月保固⭐️,TikTok,Views/Plays,TikTok 抖音行銷推廣項目,49.0,1.53125,10000,50000000,No,No,No,TWD
542,TikTok增加影片觀看*流量觀看,TikTok,Views/Plays,TikTok 抖音行銷推廣項目,16.0,0.5,1000,2147483647,No,No,No,TWD
544,TikTok增加影片觀看*促銷,TikTok,Views/Plays,TikTok 抖音行銷推廣項目,15.0,0.46875,1000,2147483647,No,Yes,No,TWD
607,TikTok增加珍藏人數*New,TikTok,Other,TikTok 抖音行銷推廣項目,353.0,11.03125,100,10000,No,No,No,TWD
154,TikTok自訂留言,TikTok,Comments,TikTok 抖音行銷推廣項目,4100.0,128.125,10,160000,No,No,No,TWD
155,TikTok隨機留言,TikTok,Comments,TikTok 抖音行銷推廣項目,2689.0,84.03125,10,160000,No,No,No,TWD
786,增加直播觀看人數【60分鐘/1小時】⚡️,TikTok,Live Stream Viewers,TikTok 抖音直播觀看流量服務,4200.0,131.25,100,50000,No,No,No,TWD
785,增加直播觀看人數【90分鐘/1小時半】⚡️,TikTok,Live Stream Viewers,TikTok 抖音直播觀看流量服務,6280.0,196.25,100,50000,No,No,No,TWD
784,增加直播觀看人數【120分鐘/2小時】⚡️,TikTok,Live Stream Viewers,TikTok 抖音直播觀看流量服務,8280.0,258.75,100,50000,No,No,No,TWD
787,增加直播觀看人數【180分鐘/3小時】⚡️,TikTok,Live Stream Viewers,TikTok 抖音直播觀看流量服務,12280.0,383.75,100,50000,No,No,No,TWD
788,增加直播觀看人數【240分鐘/4小時】⚡️,TikTok,Live Stream Viewers,TikTok 抖音直播觀看流量服務,15980.0,499.375,100,50000,No,No,No,TWD
789,增加直播觀看人數【60分鐘/1小時】(第二服務器),TikTok,Live Stream Viewers,TikTok 抖音直播觀看流量服務,5200.0,162.5,100,30000,No,No,No,TWD
790,增加直播觀看人數【90分鐘/1小時半】(第二服務器),TikTok,Live Stream Viewers,TikTok 抖音直播觀看流量服務,7280.0,227.5,100,30000,No,No,No,TWD
791,增加直播觀看人數【120分鐘/2小時】(第二服務器),TikTok,Live Stream Viewers,TikTok 抖音直播觀看流量服務,9280.0,290.0,100,30000,No,No,No,TWD
792,增加直播觀看人數【180分鐘/3小時】(第二服務器),TikTok,Live Stream Viewers,TikTok 抖音直播觀看流量服務,13280.0,415.0,100,30000,No,No,No,TWD
793,增加直播觀看人數【240分鐘/4小時】(第二服務器),TikTok,Live Stream Viewers,TikTok 抖音直播觀看流量服務,16980.0,530.625,100,30000,No,No,No,TWD
794,增加直播觀看人數【60分鐘/1小時】(第三服務器),TikTok,Live Stream Viewers,TikTok 抖音直播觀看流量服務,5200.0,162.5,100,20000,No,No,No,TWD
795,增加直播觀看人數【90分鐘/1小時半】(第三服務器),TikTok,Live Stream Viewers,TikTok 抖音直播觀看流量服務,7280.0,227.5,100,20000,No,No,No,TWD
796,增加直播觀看人數【120分鐘/2小時】(第三服務器),TikTok,Live Stream Viewers,TikTok 抖音直播觀看流量服務,9280.0,290.0,100,20000,No,No,No,TWD
797,增加直播觀看人數【180分鐘/3小時】(第三服務器),TikTok,Live Stream Viewers,TikTok 抖音直播觀看流量服務,13280.0,415.0,100,20000,No,No,No,TWD
798,增加直播觀看人數【240分鐘/4小時】(第三服務器),TikTok,Live Stream Viewers,TikTok 抖音直播觀看流量服務,16980.0,530.625,100,20000,No,No,No,TWD
673,頻道/群組加粉*永久保固*推薦服務器🔥⭐️,Telegram,Other,Telegram TG 紙飛機 行銷推廣方案,1900.0,59.375,100,50000,Yes,No,No,TWD
685,頻道/群組加粉*高質量90天保固🔥⭐️,Telegram,Other,Telegram TG 紙飛機 行銷推廣方案,1245.0,38.90625,10,1000000,Yes,Yes,No,TWD
388,頻道/群組加粉*高質量30天保固,Telegram,Other,Telegram TG 紙飛機 行銷推廣方案,975.0,30.46875,100,20000,Yes,No,No,TWD
389,頻道/群組加粉*華人粉*30天保固🔥,Telegram,Other,Telegram TG 紙飛機 行銷推廣方案,3233.0,101.03125,500,150000,Yes,Yes,No,TWD
136,頻道/群組加粉*促銷*最快速啟動🔥🎊,Telegram,Other,Telegram TG 紙飛機 行銷推廣方案,615.0,19.21875,300,100000,No,Yes,No,TWD
139,頻道/群組加🇺🇸美國粉*促銷🔥⭐️🛡🎊,Telegram,Other,Telegram TG 紙飛機 行銷推廣方案,1004.0,31.375,50,70000,No,No,No,TWD
702,貼文自動觀看⭐️,Telegram,Views/Plays,Telegram TG 紙飛機 行銷推廣方案,100.0,3.125,50,2147483647,No,Yes,No,TWD
684,1篇文章觀看 - 華人觀看,Telegram,Views/Plays,Telegram TG 紙飛機 行銷推廣方案,100.0,3.125,50,100000,No,No,No,TWD
701,1篇文章觀看,Telegram,Views/Plays,Telegram TG 紙飛機 行銷推廣方案,80.0,2.5,50,20000000,No,No,No,TWD
140,1篇文章觀看(服務器二),Telegram,Views/Plays,Telegram TG 紙飛機 行銷推廣方案,51.0,1.59375,50,20000,No,Yes,No,TWD
141,最新5篇文章觀看🔥,Telegram,Views/Plays,Telegram TG 紙飛機 行銷推廣方案,95.0,2.96875,10,50000000,No,No,No,TWD
142,最新10篇文章觀看,Telegram,Views/Plays,Telegram TG 紙飛機 行銷推廣方案,140.0,4.375,10,50000000,No,No,No,TWD
143,最新20篇文章觀看,Telegram,Views/Plays,Telegram TG 紙飛機 行銷推廣方案,211.0,6.59375,10,50000000,No,No,No,TWD
144,最新50篇文章觀看,Telegram,Views/Plays,Telegram TG 紙飛機 行銷推廣方案,424.0,13.25,10,50000000,No,No,No,TWD
683,Telegram 限動觀看,Telegram,Views/Plays,Telegram TG 紙飛機 行銷推廣方案,346.0,10.8125,200,100000,No,Yes,No,TWD
644,Telegram 文章分享 - 華人分享,Telegram,Shares,Telegram TG 紙飛機 行銷推廣方案,350.0,10.9375,50,100000,No,No,No,TWD
643,Telegram 文章分享 - 全球分享,Telegram,Shares,Telegram TG 紙飛機 行銷推廣方案,100.0,3.125,50,1000000,No,No,No,TWD
706,Telegram 貼文讚👍+觀看,Telegram,Views/Plays,Telegram TG 紙飛機 行銷推廣方案,398.0,12.4375,50,50000,No,No,No,TWD
707,Telegram 貼文愛心❤️+觀看,Telegram,Views/Plays,Telegram TG 紙飛機 行銷推廣方案,400.0,12.5,50,1000000,No,No,No,TWD
700,Telegram 貼文隨機正面表情符號+觀看(服務器三),Telegram,Views/Plays,Telegram TG 紙飛機 行銷推廣方案,500.0,15.625,30,200000,No,No,No,TWD
645,Telegram 貼文隨機正面表情符號+觀看(服務器四),Telegram,Views/Plays,Telegram TG 紙飛機 行銷推廣方案,499.0,15.59375,50,1000000,No,No,No,TWD
703,Telegram 貼文隨機正面表情符號+觀看(服務器五),Telegram,Views/Plays,Telegram TG 紙飛機 行銷推廣方案,500.0,15.625,50,217545811,No,Yes,No,TWD
704,Telegram 貼文隨機正面表情符號+觀看(服務器六),Telegram,Views/Plays,Telegram TG 紙飛機 行銷推廣方案,500.0,15.625,10,1000000,No,No,No,TWD
705,Telegram 貼文隨機正面表情符號+觀看(服務器七),Telegram,Views/Plays,Telegram TG 紙飛機 行銷推廣方案,500.0,15.625,50,1000000,No,Yes,No,TWD
674,Telegram 貼文讚表情符號👍,Telegram,Likes/Reactions,Telegram TG 紙飛機 行銷推廣方案,201.0,6.28125,50,1000000,No,No,No,TWD
675,Telegram 貼文愛心表情符號❤️,Telegram,Likes/Reactions,Telegram TG 紙飛機 行銷推廣方案,201.0,6.28125,50,1000000,No,No,No,TWD
676,Telegram 貼文火熱表情符號🔥,Telegram,Likes/Reactions,Telegram TG 紙飛機 行銷推廣方案,201.0,6.28125,50,1000000,No,No,No,TWD
679,Telegram 貼文慶祝表情符號🎉,Telegram,Likes/Reactions,Telegram TG 紙飛機 行銷推廣方案,201.0,6.28125,50,1000000,No,No,No,TWD
680,Telegram 貼文100分表情符號💯,Telegram,Likes/Reactions,Telegram TG 紙飛機 行銷推廣方案,201.0,6.28125,50,1000000,No,No,No,TWD
681,Telegram 貼文笑歪表情符號🤣,Telegram,Likes/Reactions,Telegram TG 紙飛機 行銷推廣方案,201.0,6.28125,50,1000000,No,No,No,TWD
677,Telegram 貼文狗屎表情符號💩,Telegram,Likes/Reactions,Telegram TG 紙飛機 行銷推廣方案,201.0,6.28125,50,1000000,No,No,No,TWD
678,Telegram 貼文嘔吐表情符號🤮,Telegram,Likes/Reactions,Telegram TG 紙飛機 行銷推廣方案,201.0,6.28125,50,1000000,No,No,No,TWD
651,官方LINE增粉🛡,LINE,Other,LINE行銷服務,16043.0,501.34375,100,3000,Yes,No,No,TWD
597,Threads 粉絲追蹤,Threads,Followers/Subscribers,Threads 行銷推廣方案🔥 Meta熱門新社群,6800.0,212.5,100,100000,No,No,No,TWD
598,Threads 粉絲追蹤*一個月保固,Threads,Followers/Subscribers,Threads 行銷推廣方案🔥 Meta熱門新社群,3490.0,109.0625,100,50000,Yes,No,No,TWD
599,Threads 按讚,Threads,Likes/Reactions,Threads 行銷推廣方案🔥 Meta熱門新社群,3500.0,109.375,50,50000,No,No,No,TWD
781,Threads 韓國人按讚*NEW,Threads,Likes/Reactions,Threads 行銷推廣方案🔥 Meta熱門新社群,4500.0,140.625,50,50000,No,No,No,TWD
782,Threads 日本人按讚*NEW,Threads,Likes/Reactions,Threads 行銷推廣方案🔥 Meta熱門新社群,4500.0,140.625,50,50000,No,No,No,TWD
600,Threads Reshare,Threads,Shares,Threads 行銷推廣方案🔥 Meta熱門新社群,2500.0,78.125,50,50000,No,No,No,TWD
601,Threads 隨機留言,Threads,Comments,Threads 行銷推廣方案🔥 Meta熱門新社群,9000.0,281.25,5,2000,No,No,No,TWD
608,Twitch 粉絲追蹤*30天保固🔥⭐️🛡,Twitch,Followers/Subscribers,Twitch 行銷服務,750.0,23.4375,100,10000,No,No,No,TWD
236,Twitch 粉絲追蹤,Twitch,Followers/Subscribers,Twitch 行銷服務,493.0,15.40625,100,1000,No,No,No,TWD
237,Twitch影片播放/觀看,Twitch,Views/Plays,Twitch 行銷服務,518.0,16.1875,100,999991,No,No,No,TWD
240,Twitch Live Plays 60分鐘,Twitch,Views/Plays,Twitch 行銷服務,4501.0,140.65625,50,10000,No,No,No,TWD
241,Twitch Live Plays 2小時,Twitch,Views/Plays,Twitch 行銷服務,9003.0,281.34375,50,10000,No,No,No,TWD
243,Twitch Live Plays 3小時,Twitch,Views/Plays,Twitch 行銷服務,13503.0,421.96875,50,10000,No,No,No,TWD
235,Spotify Podcast Plays⭐️🔥⚡️,Spotify,Website Traffic,Podcast 洗流量 I 獨家服務🔥,3200.0,100.0,1000,10000000,No,No,No,TWD
484,Spotify Saves,Spotify,Website Traffic,Podcast 洗流量 I 獨家服務🔥,1176.0,36.75,100,9999999,No,No,No,TWD
457,Spotify Plays 音樂播放流量,Spotify,Views/Plays,Podcast 洗流量 I 獨家服務🔥,296.0,9.25,500,20000000,No,No,No,TWD
466,Spotify Plays 音樂播放流量(服務器二),Spotify,Views/Plays,Podcast 洗流量 I 獨家服務🔥,202.0,6.3125,1000,100000000,No,No,No,TWD
357,相關服務 - Spotify 粉絲數*促銷 *穩定永久保固,Spotify,Followers/Subscribers,Podcast 洗流量 I 獨家服務🔥,844.0,26.375,500,9999999,No,No,No,TWD
356,相關服務 - Spotify 粉絲數*促銷(服務器二),Spotify,Followers/Subscribers,Podcast 洗流量 I 獨家服務🔥,739.0,23.09375,50,25000,No,No,No,TWD
406,廣告代操 | 代經營服務,Other,Other,廣告代操 | 代經營服務,30000.0,937.5,1,1,No,No,No,TWD
189,Google地標評價五星 🇹🇼台灣人[在地嚮導],Google,Reviews/Ratings,Google地標/App行銷推廣方案,285000.0,8906.25,1,30,No,No,No,TWD
188,Android 安卓App安裝數,Google,Other,Google地標/App行銷推廣方案,19600.0,612.5,50,300000,Yes,No,No,TWD
432,Pinterest 粉絲追蹤*服務器二*高質量*保固,Pinterest,Followers/Subscribers,Pinterest 行銷服務,750.0,23.4375,100,2000,Yes,No,No,TWD
429,快手 Kwai 粉絲數,Website Traffic,Followers/Subscribers,快手 Kwai 洗流量 I New‼️ 獨家服務🔥,1377.0,43.03125,100,50000,No,No,No,TWD
430,快手 Kwai 按讚數,Website Traffic,Likes/Reactions,快手 Kwai 洗流量 I New‼️ 獨家服務🔥,959.0,29.96875,50,1000000,No,No,No,TWD
64,亞洲貼文讚🛡⭐️🔥,Facebook,Likes/Reactions,【獨家服務】臉書指定特別國家🎯🎯,800.0,25.0,50,10000,Yes,No,No,TWD
62,🌏亞洲粉絲團讚🛡⭐️🔥,Facebook,Followers/Subscribers,【獨家服務】臉書指定特別國家🎯🎯,8600.0,268.75,100,30000,No,No,No,TWD
69,🇻🇳越南貼文讚🛡⭐️,Facebook,Likes/Reactions,【獨家服務】臉書指定特別國家🎯🎯,1800.0,56.25,50,10000,Yes,No,No,TWD
57,🇻🇳越南粉絲團讚🛡⭐️🔥,Facebook,Followers/Subscribers,【獨家服務】臉書指定特別國家🎯🎯,3500.0,109.375,100,20000,Yes,No,No,TWD
628,🇹🇭泰國貼文讚,Facebook,Likes/Reactions,【獨家服務】臉書指定特別國家🎯🎯,4000.0,125.0,50,20000,No,No,No,TWD
58,🇵🇭菲律賓粉絲團讚🛡⭐️,Facebook,Followers/Subscribers,【獨家服務】臉書指定特別國家🎯🎯,3500.0,109.375,100,20000,Yes,No,No,TWD
47,🇰🇷韓國粉絲團讚,Facebook,Followers/Subscribers,【獨家服務】臉書指定特別國家🎯🎯,6000.0,187.5,100,20000,No,No,No,TWD
48,🇯🇵日本粉絲團讚,Facebook,Followers/Subscribers,【獨家服務】臉書指定特別國家🎯🎯,6000.0,187.5,100,20000,No,No,No,TWD
46,🇪🇺歐洲粉絲團讚⭐️,Facebook,Followers/Subscribers,【獨家服務】臉書指定特別國家🎯🎯,8151.0,254.71875,100,4000,No,No,No,TWD
49,🇮🇳印度粉絲團讚,Facebook,Followers/Subscribers,【獨家服務】臉書指定特別國家🎯🎯,4800.0,150.0,100,20000,No,No,No,TWD
50,🇸🇦阿拉伯粉絲團讚,Facebook,Followers/Subscribers,【獨家服務】臉書指定特別國家🎯🎯,3800.0,118.75,100,20000,No,No,No,TWD
51,🇺🇸美國粉絲團讚,Facebook,Followers/Subscribers,【獨家服務】臉書指定特別國家🎯🎯,4500.0,140.625,100,20000,No,No,No,TWD
52,🇧🇪比利時粉絲團讚,Facebook,Followers/Subscribers,【獨家服務】臉書指定特別國家🎯🎯,3500.0,109.375,100,20000,No,No,No,TWD
53,🇫🇷法國粉絲團讚,Facebook,Followers/Subscribers,【獨家服務】臉書指定特別國家🎯🎯,3800.0,118.75,100,20000,No,No,No,TWD
54,🇮🇹義大利粉絲團讚,Facebook,Followers/Subscribers,【獨家服務】臉書指定特別國家🎯🎯,3800.0,118.75,100,20000,No,No,No,TWD
56,🇳🇱荷蘭粉絲團讚,Facebook,Followers/Subscribers,【獨家服務】臉書指定特別國家🎯🎯,3000.0,93.75,500,10000,No,No,No,TWD
55,🇲🇲緬甸粉絲團讚,Facebook,Followers/Subscribers,【獨家服務】臉書指定特別國家🎯🎯,3500.0,109.375,100,10000,No,No,No,TWD
131,🇰🇷韓國讚🔥⭐️,Instagram,Likes/Reactions,【獨家服務】Instagram指定特別國家🎯🎯,901.0,28.15625,1,1000,No,No,No,TWD
132,🇰🇷韓國粉絲數*促銷🔥⭐️🎊,Instagram,Followers/Subscribers,【獨家服務】Instagram指定特別國家🎯🎯,5729.0,179.03125,1,1000,No,No,No,TWD
122,🇰🇷韓國人影片自動觀看🔥⚡️,Instagram,Views/Plays,【獨家服務】Instagram指定特別國家🎯🎯,66.0,2.0625,100,100000000,No,No,No,TWD
627,🇹🇭泰國粉絲數,Instagram,Followers/Subscribers,【獨家服務】Instagram指定特別國家🎯🎯,9000.0,281.25,100,5000,Yes,No,No,TWD
626,🇹🇭泰國讚,Instagram,Likes/Reactions,【獨家服務】Instagram指定特別國家🎯🎯,5500.0,171.875,50,4000,Yes,No,No,TWD
158,🇺🇸美國讚⭐️🔥,Instagram,Likes/Reactions,【獨家服務】Instagram指定特別國家🎯🎯,495.0,15.46875,10,100000,No,No,No,TWD
135,🇮🇹義大利讚,Instagram,Likes/Reactions,【獨家服務】Instagram指定特別國家🎯🎯,2355.0,73.59375,10,4000,No,Yes,No,TWD
134,🇮🇹義大利粉絲數,Instagram,Followers/Subscribers,【獨家服務】Instagram指定特別國家🎯🎯,4717.0,147.40625,10,2000,No,Yes,No,TWD
129,🇷🇺俄羅斯粉絲,Instagram,Followers/Subscribers,【獨家服務】Instagram指定特別國家🎯🎯,783.0,24.46875,10,100000,No,No,No,TWD
247,Soundcloud 行銷服務,SoundCloud,Other,其他社群服務❤️,9999.0,312.46875,1000,1000,No,No,No,TWD
282,Spotify 行銷服務,Spotify,Other,其他社群服務❤️,3999.0,124.96875,1000,1000,No,No,No,TWD
248,LinkedIn 行銷服務,LinkedIn,Other,其他社群服務❤️,4983.0,155.71875,100,10000,No,No,No,TWD
252,Vimeo 行銷服務,Vimeo,Other,其他社群服務❤️,9999.0,312.46875,1000,1000,No,No,No,TWD
249,Likee 行銷服務,Other,Likes/Reactions,其他社群服務❤️,9999.0,312.46875,1000,1000,No,No,No,TWD
260,Reverbnation 行銷服務,Other,Other,其他社群服務❤️,9999.0,312.46875,1000,1000,No,No,No,TWD
259,Shazaam 行銷服務,Other,Other,其他社群服務❤️,9999.0,312.46875,1000,1000,No,No,No,TWD
255,Dailymotion 行銷服務,Other,Other,其他社群服務❤️,9999.0,312.46875,1000,1000,No,No,No,TWD
250,Mixcloud 行銷服務,Other,Other,其他社群服務❤️,9999.0,312.46875,1000,1000,No,No,No,TWD
251,VK 行銷服務,Other,Other,其他社群服務❤️,9999.0,312.46875,1000,1000,No,No,No,TWD
253,Periscope 行銷服務,Other,Other,其他社群服務❤️,9999.0,312.46875,1000,1000,No,No,No,TWD
254,Vine 行銷服務,Other,Other,其他社群服務❤️,9999.0,312.46875,1000,1000,No,No,No,TWD
257,Kiwi 行銷服務,Other,Other,其他社群服務❤️,9999.0,312.46875,1000,1000,No,No,No,TWD
256,Tumblr 行銷服務,Tumblr,Other,其他社群服務❤️,9999.0,312.46875,1000,1000,No,No,No,TWD
258,Radiojavan 行銷服務,Other,Other,其他社群服務❤️,9999.0,312.46875,1000,1000,No,No,No,TWD
261,Datpiff 行銷服務,Other,Other,其他社群服務❤️,9999.0,312.46875,1000,1000,No,No,No,TWD
262,Audiomack 行銷服務,Other,Other,其他社群服務❤️,9999.0,312.46875,1000,1000,No,No,No,TWD
263,Tidal 行銷服務,Other,Other,其他社群服務❤️,9999.0,312.46875,1000,1000,No,No,No,TWD
264,Reddit 行銷服務,Reddit,Other,其他社群服務❤️,9999.0,312.46875,1000,1000,No,No,No,TWD
265,Coub 行銷服務,Other,Other,其他社群服務❤️,9999.0,312.46875,1000,1000,No,No,No,TWD
266,Quora.com 行銷服務,Quora,Other,其他社群服務❤️,9999.0,312.46875,1000,1000,No,No,No,TWD
267,Yandex Zen 行銷服務,Other,Other,其他社群服務❤️,9999.0,312.46875,1000,1000,No,No,No,TWD
268,OK.ru 行銷服務,Other,Other,其他社群服務❤️,9999.0,312.46875,1000,1000,No,No,No,TWD
727,Instagram廣告人流曝光服務-台灣地區-高質量客群,Instagram,Other,其他社群服務❤️,900.0,28.125,100,50000,No,No,No,TWD
63,客訂/批量下單用,Other,Other,Other,1000.0,31.25,1,9999999,No,No,No,TWD
393,推特粉絲數 - 代理商下單用,Other,Followers/Subscribers,Other,0.001,3.1e-05,100,90000,No,No,No,TWD
603,Instagram廣告投放-客訂,Instagram,Other,Other,3000.0,93.75,100,50000,No,No,No,TWD
604,Facebook廣告投放-客訂,Facebook,Other,Other,3000.0,93.75,50,300000,No,No,No,TWD
624,Youtube廣告投放-觀眾瀏覽導向,YouTube,Other,Other,0.0001,3e-06,900,2147483647,No,No,No,TWD
625,Facebook投放-台灣粉絲流量提升導向,Facebook,Followers/Subscribers,Other,0.0001,3e-06,100,50000,No,No,No,TWD
